first_name,last_name,email,gender,country,dob
Dallis,Iddons,diddons0@tripadvisor.com,Male,China,2010-04-25
Boycey,Marzele,bmarzele1@va.gov,Male,Bulgaria,1990-04-08
Alyssa,Romeril,aromeril2@sphinn.com,Female,Nigeria,1950-11-26
Loleta,Guilloneau,lguilloneau3@freewebs.com,Female,China,1971-01-27
Giffer,Allso,gallso4@fc2.com,Male,Poland,1996-08-21
Lian,Witherow,lwitherow5@printfriendly.com,Female,Argentina,2019-06-02
Irvine,Dormand,idormand6@domainmarket.com,Male,Indonesia,2012-04-17
Monte,Bauld,mbauld7@irs.gov,Male,Sweden,1956-04-13
Wendie,Cruickshank,wcruickshank8@de.vu,Female,France,2002-10-02
Billie,Sawdon,bsawdon9@aboutads.info,Male,Thailand,1970-07-13
Dinnie,Gornar,dgornara@columbia.edu,Female,China,1988-10-13
Al,Craigg,acraiggb@cmu.edu,Male,Argentina,2003-05-29
Caye,Stalman,cstalmanc@github.com,Female,China,2011-06-03
Jessie,Salan,jsaland@yahoo.co.jp,Male,China,1974-05-10
Ronalda,Bignell,rbignelle@cnbc.com,Female,Brazil,1950-10-04
Kriste,Guilloton,kguillotonf@dion.ne.jp,Female,China,2013-08-22
Marcello,Mussington,mmussingtong@nsw.gov.au,Male,Sri Lanka,2000-06-28
Pryce,Collingworth,pcollingworthh@reverbnation.com,Male,China,1991-10-28
Vivyanne,Blaskett,vblasketti@xinhuanet.com,Female,China,2010-06-29
Amby,Bradtke,abradtkej@google.nl,Male,Brazil,1982-04-15
Parrnell,Laba,plabak@toplist.cz,Male,Portugal,1975-11-10
Galven,McCarthy,gmccarthyl@weibo.com,Male,Brazil,2012-06-05
Dot,Feitosa,dfeitosam@wikimedia.org,Female,Poland,1961-02-03
Andrei,Zellick,azellickn@studiopress.com,Female,China,2009-02-11
Edgardo,Matusevich,ematusevicho@home.pl,Male,Honduras,2009-12-10
Israel,McTrustey,imctrusteyp@pbs.org,Male,Argentina,1995-05-03
Marcellus,Kimble,mkimbleq@domainmarket.com,Male,Pakistan,2013-10-19
Kellen,Keningley,kkeningleyr@google.de,Female,Indonesia,1983-12-18
Donavon,Bakewell,dbakewells@narod.ru,Male,Brazil,1960-10-25
Norene,Byass,nbyasst@clickbank.net,Female,Canada,2014-01-10
Ashia,Wrenn,awrennu@twitter.com,Female,Portugal,2018-12-03
Jennilee,Alcock,jalcockv@skype.com,Female,Kazakhstan,2015-09-27
Tammy,Dudley,tdudleyw@epa.gov,Female,Zimbabwe,1998-10-21
Corney,Toovey,ctooveyx@time.com,Male,Mongolia,1956-10-17
Caro,Grayston,cgraystony@bandcamp.com,Female,Russia,1976-04-01
Sigfried,McNeilly,smcneillyz@feedburner.com,Male,Iraq,1964-06-18
Fredelia,Forstall,fforstall10@tiny.cc,Female,Indonesia,2013-05-04
Evered,Snarr,esnarr11@csmonitor.com,Male,Thailand,1963-01-17
Seumas,Wethered,swethered12@cmu.edu,Male,Colombia,1950-09-01
Katlin,Petrakov,kpetrakov13@smh.com.au,Female,Russia,1997-01-20
Woody,McQuirk,wmcquirk14@foxnews.com,Male,Russia,1951-09-08
Karissa,Yakunkin,kyakunkin15@imdb.com,Female,Honduras,2007-09-05
Fred,Beamont,fbeamont16@twitpic.com,Female,Ukraine,2013-03-05
Alethea,Castell,acastell17@addtoany.com,Female,China,1950-11-14
Jarrid,Capon,jcapon18@dot.gov,Male,China,2013-03-26
Graig,Wycliffe,gwycliffe19@dyndns.org,Male,China,1971-09-30
Charlot,Checcuzzi,ccheccuzzi1a@earthlink.net,Female,Indonesia,1967-08-16
Desirae,Kryszka,dkryszka1b@usa.gov,Female,China,1990-10-14
Babs,Cheng,bcheng1c@fema.gov,Female,Panama,1950-12-17
Sabrina,Matts,smatts1d@networksolutions.com,Female,Kazakhstan,1993-05-28
Delmer,Hebron,dhebron1e@illinois.edu,Male,Hungary,1955-02-02
Oswell,Padberry,opadberry1f@java.com,Male,China,2014-09-23
Faustine,Hasker,fhasker1g@networksolutions.com,Female,China,2015-08-02
Harrison,Mitchell,hmitchell1h@cargocollective.com,Male,Thailand,1962-11-02
Derk,Howsam,dhowsam1i@google.de,Male,Indonesia,1988-04-11
Lorens,Thouless,lthouless1j@state.tx.us,Male,France,1981-10-29
Rickie,Fogarty,rfogarty1k@goo.gl,Male,Indonesia,1960-11-11
Cherice,Somerscales,csomerscales1l@cdbaby.com,Female,Tajikistan,2019-03-28
Denys,Martynov,dmartynov1m@domainmarket.com,Female,China,1990-07-04
Andromache,Fearnall,afearnall1n@nydailynews.com,Female,Brazil,2020-10-14
Chantal,Eliyahu,celiyahu1o@wikispaces.com,Female,France,2016-10-20
Ricki,Oxenham,roxenham1p@shareasale.com,Female,China,2014-03-29
Tobiah,Shore,tshore1q@usda.gov,Male,China,2009-03-05
Stanley,Loxston,sloxston1r@live.com,Male,Finland,2007-04-24
Ivett,Cuesta,icuesta1s@yandex.ru,Female,Indonesia,1953-01-15
Maureen,Mursell,mmursell1t@cyberchimps.com,Female,Morocco,1963-03-04
Moss,Hannum,mhannum1u@princeton.edu,Male,Portugal,1988-07-30
Jenilee,Ratray,jratray1v@craigslist.org,Female,China,1996-11-24
Dion,McReedy,dmcreedy1w@examiner.com,Male,South Africa,1967-05-27
Marsha,O' Sullivan,mosullivan1x@cpanel.net,Female,Indonesia,2014-01-22
Bent,Treadway,btreadway1y@miibeian.gov.cn,Male,Indonesia,2016-10-06
Horst,Getch,hgetch1z@wordpress.com,Male,Portugal,1953-01-23
Baryram,McCraine,bmccraine20@netscape.com,Male,Vietnam,2005-11-15
Giovanna,Coot,gcoot21@reverbnation.com,Female,Russia,1994-08-17
Phedra,Franzel,pfranzel22@artisteer.com,Female,China,1957-01-27
Faydra,Prattin,fprattin23@cam.ac.uk,Female,Indonesia,1988-09-03
Halsey,Teodorski,hteodorski24@themeforest.net,Male,Indonesia,1993-06-13
Debor,Briat,dbriat25@altervista.org,Female,Brazil,2000-09-21
Garnette,Voysey,gvoysey26@businesswire.com,Female,France,2015-10-11
Klara,Codi,kcodi27@g.co,Female,Portugal,1961-01-11
Mordecai,Franciottoi,mfranciottoi28@foxnews.com,Male,Canada,1971-03-04
Valentia,Boddis,vboddis29@walmart.com,Female,Sweden,1996-11-14
Christiano,Callcott,ccallcott2a@ed.gov,Male,Indonesia,1963-09-17
Shela,Aldine,saldine2b@sciencedaily.com,Female,Indonesia,1963-11-22
Leese,Blount,lblount2c@mail.ru,Female,North Korea,1980-01-12
Reynard,Sleford,rsleford2d@simplemachines.org,Male,Iceland,1960-12-21
Clay,Petruskevich,cpetruskevich2e@berkeley.edu,Male,Saudi Arabia,1975-11-08
Heinrick,Eckly,heckly2f@nih.gov,Male,Russia,1964-03-10
Gallard,O'Lenechan,golenechan2g@elpais.com,Male,Portugal,1959-01-06
Durward,Croson,dcroson2h@merriam-webster.com,Male,Zambia,1985-03-05
Laurence,Brumen,lbrumen2i@msu.edu,Male,Russia,2009-09-14
Archie,Sorsbie,asorsbie2j@behance.net,Male,Philippines,1968-11-04
Augusto,Coy,acoy2k@cloudflare.com,Male,China,2001-05-04
Cristobal,Unstead,cunstead2l@etsy.com,Male,Russia,1991-07-23
Mathilda,Steinham,msteinham2m@addtoany.com,Female,Colombia,1963-03-05
Eveleen,Pendre,ependre2n@barnesandnoble.com,Female,Ukraine,1957-10-03
Vinita,Whilde,vwhilde2o@liveinternet.ru,Female,Vietnam,1976-05-20
Vite,Pagel,vpagel2p@hugedomains.com,Male,China,1955-02-26
Fred,Stuck,fstuck2q@mashable.com,Female,Poland,2005-08-05
Leoine,Mars,lmars2r@miibeian.gov.cn,Female,China,2011-10-13
Fawn,Floyde,ffloyde2s@reverbnation.com,Female,China,2014-02-10
Dene,Idwal Evans,didwalevans2t@sun.com,Male,Lesotho,2018-12-20
Boot,Wickens,bwickens2u@noaa.gov,Male,Philippines,1990-10-30
Kearney,Warrington,kwarrington2v@t.co,Male,China,1950-05-10
Bale,Simioni,bsimioni2w@slate.com,Male,China,1987-09-04
Dominique,Margerison,dmargerison2x@berkeley.edu,Female,China,2002-10-31
Yves,Woodfield,ywoodfield2y@kickstarter.com,Male,Portugal,1975-11-26
Wolfie,Kaley,wkaley2z@symantec.com,Male,Indonesia,2007-07-26
Grove,Motto,gmotto30@cnbc.com,Male,Indonesia,2004-07-14
Lezley,Gregine,lgregine31@so-net.ne.jp,Male,Philippines,2020-12-20
Osgood,Barnett,obarnett32@simplemachines.org,Male,Poland,1963-07-10
Brunhilda,Szapiro,bszapiro33@google.it,Female,China,1976-03-07
Damara,Corteney,dcorteney34@ft.com,Female,China,1977-02-01
Bobby,Hurren,bhurren35@w3.org,Female,Colombia,2004-06-13
Mendie,Bartlet,mbartlet36@prnewswire.com,Male,Indonesia,2015-03-09
Danell,Glaserman,dglaserman37@utexas.edu,Female,Palestinian Territory,2007-05-17
Danit,Hance,dhance38@cisco.com,Female,Brazil,2003-12-06
Alon,Vail,avail39@facebook.com,Male,China,2014-09-16
Editha,Darter,edarter3a@ehow.com,Female,Portugal,1963-05-21
Ediva,Gyles,egyles3b@wordpress.org,Female,Indonesia,1994-10-15
Darsey,Keynes,dkeynes3c@unesco.org,Female,China,2015-04-24
Doria,Dewen,ddewen3d@utexas.edu,Female,Japan,2001-05-12
Zsazsa,Friberg,zfriberg3e@indiegogo.com,Female,Portugal,2005-03-23
Chris,Secret,csecret3f@gravatar.com,Male,Vietnam,1989-09-02
Mina,Sterling,msterling3g@hibu.com,Female,Portugal,1981-02-16
Jennica,Childerhouse,jchilderhouse3h@theguardian.com,Female,Philippines,1987-10-01
Darryl,Martinovsky,dmartinovsky3i@stumbleupon.com,Male,Uzbekistan,1974-08-04
Piper,Skea,pskea3j@cam.ac.uk,Female,Burkina Faso,1999-09-06
Eveleen,Brewood,ebrewood3k@smh.com.au,Female,Indonesia,1954-01-27
Odie,Stooke,ostooke3l@mapy.cz,Male,Costa Rica,1963-12-28
Candra,Pulham,cpulham3m@xing.com,Female,Indonesia,1987-11-21
Bonni,Gerretsen,bgerretsen3n@hhs.gov,Female,China,1978-08-02
Ulrich,Lingfoot,ulingfoot3o@toplist.cz,Male,China,2015-02-27
Modestine,Cowderay,mcowderay3p@alexa.com,Female,American Samoa,2006-07-01
Arnaldo,Iskov,aiskov3q@china.com.cn,Male,China,1957-02-25
Lula,Chagg,lchagg3r@chronoengine.com,Female,Portugal,1995-02-20
Dionysus,Basek,dbasek3s@cloudflare.com,Male,Philippines,1965-03-03
Darcee,Jeste,djeste3t@un.org,Female,Argentina,2019-03-06
Magda,Benka,mbenka3u@hugedomains.com,Female,France,1988-12-04
Kaitlyn,Van Der Straaten,kvanderstraaten3v@ox.ac.uk,Female,Greenland,1971-12-20
Tamma,Embury,tembury3w@behance.net,Female,China,1968-10-27
Ingrid,Legging,ilegging3x@va.gov,Female,Russia,1962-12-16
Tiena,Braden,tbraden3y@fc2.com,Female,Indonesia,1992-05-03
Eimile,Dwelly,edwelly3z@theglobeandmail.com,Female,Bulgaria,2020-07-07
Wileen,Hincham,whincham40@dmoz.org,Female,Brazil,2001-10-15
Kennie,Skain,kskain41@mysql.com,Male,Russia,1977-05-22
King,Ingles,kingles42@mail.ru,Male,China,2016-02-22
Cherin,Vasilenko,cvasilenko43@imdb.com,Female,Norway,1973-03-30
Nikolaos,Robillart,nrobillart44@economist.com,Male,Greece,2019-05-23
Lurlene,McLardie,lmclardie45@blogspot.com,Female,Faroe Islands,1990-12-16
Fleur,Puffett,fpuffett46@netscape.com,Female,China,1972-12-09
Tiffanie,Rannald,trannald47@nsw.gov.au,Female,Mongolia,1953-01-25
Arden,McKelvey,amckelvey48@1688.com,Female,Yemen,1982-08-09
Hewet,Zuan,hzuan49@delicious.com,Male,Mongolia,1955-03-16
Ingaberg,Boller,iboller4a@squidoo.com,Female,Democratic Republic of the Congo,1984-10-17
Travus,Philbrick,tphilbrick4b@google.de,Male,Bolivia,1975-03-10
Jilleen,Georgins,jgeorgins4c@youtube.com,Female,Afghanistan,1972-06-15
Durante,Bissatt,dbissatt4d@nifty.com,Male,Armenia,1959-08-02
Wilmette,Beminster,wbeminster4e@ustream.tv,Female,Philippines,1959-07-16
Robb,Cuesta,rcuesta4f@europa.eu,Male,China,2002-08-13
Trueman,Belitz,tbelitz4g@ask.com,Male,Cameroon,2000-12-04
Lynett,Ingon,lingon4h@nature.com,Female,Pakistan,1962-01-29
Prent,Fishbie,pfishbie4i@merriam-webster.com,Male,Myanmar,1966-06-29
Bennie,Enderwick,benderwick4j@gnu.org,Female,Indonesia,1999-01-21
Gregorius,Soal,gsoal4k@seattletimes.com,Male,Jamaica,2002-12-22
Ellis,Puve,epuve4l@cbc.ca,Male,Indonesia,1952-08-19
Marchelle,Hindhaugh,mhindhaugh4m@delicious.com,Female,China,1961-01-29
Kiele,Kemston,kkemston4n@slideshare.net,Female,China,2010-10-15
Waldon,Ambridge,wambridge4o@com.com,Male,Germany,2011-08-08
Charlene,Redgewell,credgewell4p@pagesperso-orange.fr,Female,Philippines,2016-05-08
Jesse,Simmons,jsimmons4q@webnode.com,Male,Portugal,1952-01-22
Justen,Grossier,jgrossier4r@pen.io,Male,China,1962-02-02
Katusha,Mangan,kmangan4s@youtu.be,Female,Japan,1958-11-04
Roddie,Carik,rcarik4t@umich.edu,Male,Brazil,1957-05-11
Teriann,Manolov,tmanolov4u@sourceforge.net,Female,France,1974-12-23
Sharl,Lourens,slourens4v@psu.edu,Female,Philippines,1953-10-29
Noel,Ledward,nledward4w@trellian.com,Male,China,2017-09-26
Eward,Nenci,enenci4x@odnoklassniki.ru,Male,China,2019-02-24
Eudora,Sambrook,esambrook4y@nbcnews.com,Female,Sweden,1961-04-09
Bobby,Druhan,bdruhan4z@businessweek.com,Female,China,2017-11-05
Gabey,Haborn,ghaborn50@pbs.org,Female,Argentina,1964-09-15
Dwight,Rambadt,drambadt51@google.com.au,Male,France,1981-06-25
Royall,McLae,rmclae52@soundcloud.com,Male,Argentina,1956-06-27
Avrit,Kennewell,akennewell53@163.com,Female,Russia,1994-09-30
Nancee,McPeck,nmcpeck54@yandex.ru,Female,China,2009-01-07
Nara,Penrice,npenrice55@nyu.edu,Female,Indonesia,1987-02-19
Erick,Purdy,epurdy56@php.net,Male,Netherlands,1995-03-08
Norbert,Archard,narchard57@yellowpages.com,Male,Russia,1955-02-19
Huntley,Cowton,hcowton58@princeton.edu,Male,Netherlands,2013-05-04
Ernaline,Crim,ecrim59@booking.com,Female,Indonesia,2012-07-09
Jacquenetta,Hugh,jhugh5a@techcrunch.com,Female,Finland,1954-10-09
Leigh,Rutherforth,lrutherforth5b@bloomberg.com,Male,Greece,2007-01-30
Molli,Brabham,mbrabham5c@prlog.org,Female,Colombia,2000-03-31
Ruggiero,Dungate,rdungate5d@deviantart.com,Male,Ukraine,2018-09-28
Auberon,Brussels,abrussels5e@people.com.cn,Male,China,2002-02-06
Olimpia,Pakenham,opakenham5f@reference.com,Female,China,1984-09-06
Dagny,Hedge,dhedge5g@baidu.com,Male,Aland Islands,1981-08-27
Mead,Guly,mguly5h@furl.net,Female,Philippines,1950-01-21
Jude,Reiling,jreiling5i@mayoclinic.com,Male,Russia,1951-08-06
Jard,Meritt,jmeritt5j@google.nl,Male,Thailand,1992-05-26
Hazlett,Stapforth,hstapforth5k@rambler.ru,Male,Peru,1954-01-17
Francesco,Cocksedge,fcocksedge5l@vk.com,Male,Slovenia,1952-11-17
Corbett,Arkil,carkil5m@slideshare.net,Male,China,2006-02-07
Norri,Fairlamb,nfairlamb5n@bloglines.com,Female,Mexico,1984-03-13
Bartolomeo,Coverly,bcoverly5o@kickstarter.com,Male,Japan,1974-05-10
Alair,Colleymore,acolleymore5p@quantcast.com,Male,Ukraine,1954-03-06
Querida,Jephson,qjephson5q@theguardian.com,Female,Indonesia,1983-08-15
Fiorenze,Polendine,fpolendine5r@adobe.com,Female,Indonesia,1978-07-10
Marrilee,Vanetti,mvanetti5s@tiny.cc,Female,Mexico,1973-10-17
Toinette,Winram,twinram5t@npr.org,Female,Peru,1995-06-23
Shem,Crambie,scrambie5u@scientificamerican.com,Male,Russia,2019-04-11
Allyn,Lockery,alockery5v@cyberchimps.com,Male,Albania,2008-04-02
Tomi,Becker,tbecker5w@scribd.com,Female,Philippines,1982-02-11
Gavan,Sedgeworth,gsedgeworth5x@yale.edu,Male,Poland,1951-11-22
Rube,Nimmo,rnimmo5y@unesco.org,Male,China,1953-02-21
Saree,Penritt,spenritt5z@blog.com,Female,Albania,2019-06-22
Stu,Rosbotham,srosbotham60@liveinternet.ru,Male,France,1965-10-09
Daniella,Giovannazzi,dgiovannazzi61@thetimes.co.uk,Female,China,2014-04-23
Jemmy,Lockey,jlockey62@usa.gov,Female,Japan,1994-09-01
Dione,Clubley,dclubley63@fastcompany.com,Female,Japan,1951-08-11
Abeu,Cashmore,acashmore64@mozilla.com,Male,Indonesia,2017-01-25
Susie,Prozescky,sprozescky65@mayoclinic.com,Female,Syria,1959-02-16
Nonah,Blackden,nblackden66@squarespace.com,Female,Brazil,1952-06-06
Afton,Swarbrigg,aswarbrigg67@google.com,Female,United States,1973-03-09
Rois,Muzzlewhite,rmuzzlewhite68@ask.com,Female,Portugal,1990-11-20
Merilee,Rissen,mrissen69@unesco.org,Female,Russia,1989-11-13
Gothart,Tomasoni,gtomasoni6a@yandex.ru,Male,Tunisia,1966-07-20
Rudolph,Franscioni,rfranscioni6b@archive.org,Male,Pakistan,1975-04-03
Hyman,Wedon,hwedon6c@shutterfly.com,Male,Sweden,2004-07-22
Rochell,Koop,rkoop6d@prweb.com,Female,Sweden,1988-10-21
Danie,Chettle,dchettle6e@jimdo.com,Male,Ukraine,1990-08-28
Luci,Colam,lcolam6f@joomla.org,Female,Poland,1984-09-19
Maury,Van der Krui,mvanderkrui6g@bravesites.com,Male,Indonesia,1990-01-20
Guss,Collop,gcollop6h@wired.com,Male,China,1953-01-10
Jamesy,Dibley,jdibley6i@mashable.com,Male,Canada,2013-08-10
Athene,Sarath,asarath6j@mit.edu,Female,Portugal,1960-03-11
Robb,Gehricke,rgehricke6k@sun.com,Male,United States,1992-01-05
Scotti,Twallin,stwallin6l@list-manage.com,Male,China,2011-07-10
Svend,Domokos,sdomokos6m@shareasale.com,Male,United States,1990-04-04
Fred,Ivachyov,fivachyov6n@canalblog.com,Female,Brazil,1993-06-21
Wylie,St Pierre,wstpierre6o@japanpost.jp,Male,Brazil,2000-03-21
Laurel,Soloway,lsoloway6p@1688.com,Female,United Kingdom,1962-09-04
Kaspar,Blazej,kblazej6q@scientificamerican.com,Male,Canada,2004-12-14
Eamon,Philcox,ephilcox6r@scribd.com,Male,Madagascar,1985-02-26
El,Heinreich,eheinreich6s@theguardian.com,Male,Brazil,2007-01-14
Ulric,Scraney,uscraney6t@theglobeandmail.com,Male,Uruguay,1988-10-13
Sabra,Tilio,stilio6u@t.co,Female,Indonesia,1985-03-02
Pris,Gayler,pgayler6v@wisc.edu,Female,Tunisia,2012-09-18
Christalle,Eskrigge,ceskrigge6w@t-online.de,Female,China,1954-06-06
Claude,MacGinney,cmacginney6x@chron.com,Female,Aland Islands,1986-09-01
Duke,Hlavecek,dhlavecek6y@ifeng.com,Male,China,2019-01-06
Dalila,Roskrug,droskrug6z@netvibes.com,Female,Russia,1981-11-01
Gleda,Carrabot,gcarrabot70@icio.us,Female,Guatemala,2019-01-08
Jacinda,Laxe,jlaxe71@thetimes.co.uk,Female,China,1999-01-03
Shane,Bomfield,sbomfield72@com.com,Male,Indonesia,1961-08-27
Sigfrid,Werrett,swerrett73@constantcontact.com,Male,China,1966-05-15
Jerome,Gentery,jgentery74@friendfeed.com,Male,Indonesia,1979-12-22
Flynn,Huncoot,fhuncoot75@angelfire.com,Male,China,1954-12-24
Morgen,Rude,mrude76@nps.gov,Male,Colombia,2000-05-01
Tadeo,Weigh,tweigh77@examiner.com,Male,Thailand,2015-03-30
Courtnay,Tatlowe,ctatlowe78@webeden.co.uk,Male,Lebanon,2000-03-10
Jonah,Presslee,jpresslee79@dedecms.com,Male,Afghanistan,1958-08-23
Reeta,Casely,rcasely7a@behance.net,Female,Thailand,1953-03-23
Adlai,Lawrenson,alawrenson7b@wix.com,Male,United States,1993-10-13
Leilah,Smitheram,lsmitheram7c@discuz.net,Female,Brazil,1985-04-30
Tarrance,Greensall,tgreensall7d@dell.com,Male,Philippines,2018-02-24
Griswold,Danelet,gdanelet7e@toplist.cz,Male,Brazil,1984-01-30
Thibaut,Hatherley,thatherley7f@symantec.com,Male,France,1995-07-26
Betty,Malia,bmalia7g@cam.ac.uk,Female,Indonesia,2008-02-09
Ky,de Courcey,kdecourcey7h@a8.net,Male,Indonesia,1968-05-30
Spike,Diament,sdiament7i@pcworld.com,Male,United States,1969-12-12
Jacintha,Biskupski,jbiskupski7j@berkeley.edu,Female,Sweden,1969-09-30
Shanna,Costan,scostan7k@salon.com,Female,Malaysia,1997-12-08
Maddy,Golsworthy,mgolsworthy7l@desdev.cn,Male,Germany,2005-08-22
Olivier,Dunmore,odunmore7m@shareasale.com,Male,Bulgaria,1961-05-12
Anthiathia,Zamorano,azamorano7n@ovh.net,Female,China,1953-08-21
Lettie,Holbie,lholbie7o@163.com,Female,Indonesia,2018-01-18
Brynna,Grayling,bgrayling7p@yandex.ru,Female,China,2019-12-31
Willdon,Eagan,weagan7q@goodreads.com,Male,Czech Republic,1995-09-06
Pammy,Cheetam,pcheetam7r@theglobeandmail.com,Female,Indonesia,2001-02-01
Sarajane,Looney,slooney7s@geocities.jp,Female,France,1970-10-05
Amii,Savege,asavege7t@economist.com,Female,Malta,1956-07-11
Desmund,McAulay,dmcaulay7u@alibaba.com,Male,Yemen,1994-02-23
Galina,Holsey,gholsey7v@godaddy.com,Female,Iran,1986-06-17
Leontine,Balshaw,lbalshaw7w@skyrock.com,Female,Indonesia,1985-10-02
Chadd,Norsister,cnorsister7x@oakley.com,Male,Philippines,1985-04-15
Isidora,Hylton,ihylton7y@blogtalkradio.com,Female,Ukraine,1983-01-21
Nevil,Stansfield,nstansfield7z@bizjournals.com,Male,China,1978-03-21
Eva,Gollard,egollard80@theglobeandmail.com,Female,Greece,1988-12-11
Othello,Yard,oyard81@cisco.com,Male,Indonesia,1999-08-21
Nevin,Marte,nmarte82@omniture.com,Male,China,1953-07-11
Jeannine,Sweeting,jsweeting83@ask.com,Female,China,2002-01-22
Amy,Crellim,acrellim84@ca.gov,Female,Poland,1982-02-20
Tasha,Castanie,tcastanie85@cargocollective.com,Female,Russia,2013-08-12
Mohammed,Coal,mcoal86@feedburner.com,Male,Russia,1973-03-10
Kiele,Metzel,kmetzel87@fda.gov,Female,Philippines,1996-04-04
Carly,Nicholson,cnicholson88@altervista.org,Male,China,1997-11-24
Ody,Calleja,ocalleja89@prnewswire.com,Male,Panama,1965-07-18
Jude,MacKonochie,jmackonochie8a@businessinsider.com,Male,Portugal,1954-01-23
Waite,Greader,wgreader8b@nymag.com,Male,Brazil,2017-02-05
Myra,Noquet,mnoquet8c@statcounter.com,Female,Albania,2000-07-14
Pancho,Laurentino,plaurentino8d@myspace.com,Male,France,2009-09-13
Petronia,Duckerin,pduckerin8e@wp.com,Female,China,1977-02-24
Mile,Skillington,mskillington8f@com.com,Male,Indonesia,1980-08-06
Raleigh,Castello,rcastello8g@youtu.be,Male,China,1976-07-01
Johnny,Zmitrovich,jzmitrovich8h@reference.com,Male,China,1963-08-16
Brien,Lismore,blismore8i@wisc.edu,Male,China,1972-09-22
Perl,Budnik,pbudnik8j@mapy.cz,Female,France,1961-07-04
Tove,Salerg,tsalerg8k@opera.com,Female,Croatia,2017-03-07
Vin,Jados,vjados8l@biblegateway.com,Male,Eritrea,2006-11-06
Tatiana,Bucktrout,tbucktrout8m@amazon.co.jp,Female,Bulgaria,1977-04-28
Bobbi,Sherel,bsherel8n@meetup.com,Female,China,1972-09-14
Lancelot,MacSween,lmacsween8o@arizona.edu,Male,Peru,2015-12-25
Afton,Ropcke,aropcke8p@china.com.cn,Female,Japan,1970-07-20
Cyndia,Mackinder,cmackinder8q@thetimes.co.uk,Female,Indonesia,1958-11-22
Pearle,Westwick,pwestwick8r@narod.ru,Female,Nigeria,2020-09-28
Hebert,Poe,hpoe8s@vistaprint.com,Male,China,2001-02-05
Evelyn,Scammonden,escammonden8t@diigo.com,Male,South Korea,1976-08-14
Camila,Puddin,cpuddin8u@miitbeian.gov.cn,Female,Portugal,1977-01-08
Sabina,Olivier,solivier8v@photobucket.com,Female,Peru,2020-07-26
Leif,Manach,lmanach8w@comsenz.com,Male,Thailand,1967-04-26
Terrell,Coule,tcoule8x@cam.ac.uk,Male,Trinidad and Tobago,1960-11-24
Clive,Spottiswoode,cspottiswoode8y@de.vu,Male,Greece,1954-03-27
Seymour,Ewington,sewington8z@admin.ch,Male,Canada,1989-05-11
Renie,Gislebert,rgislebert90@infoseek.co.jp,Female,Ireland,1975-02-08
Ezekiel,Sambrook,esambrook91@sciencedirect.com,Male,Indonesia,1964-11-10
Betsy,Bruna,bbruna92@gnu.org,Female,China,1986-03-06
Tobe,Reeken,treeken93@mayoclinic.com,Male,Indonesia,1957-12-06
Cyrille,Chesterton,cchesterton94@yellowbook.com,Male,China,2006-10-31
Lev,Radnedge,lradnedge95@sakura.ne.jp,Male,Guam,1960-05-16
Teddie,Charlson,tcharlson96@howstuffworks.com,Female,Sweden,1959-03-04
Tamiko,Lugden,tlugden97@phpbb.com,Female,France,1994-03-12
Connor,Lantiff,clantiff98@shop-pro.jp,Male,Russia,1975-11-20
Hilde,Itzkov,hitzkov99@istockphoto.com,Female,Russia,2004-06-24
Cherida,Straine,cstraine9a@ucoz.ru,Female,Palestinian Territory,1967-12-08
Tynan,Lindenberg,tlindenberg9b@businessweek.com,Male,France,2016-01-12
Deena,Casero,dcasero9c@state.tx.us,Female,Sweden,2001-08-14
Randy,Oddey,roddey9d@google.pl,Male,Russia,1954-04-22
Bernita,Uccelli,buccelli9e@huffingtonpost.com,Female,France,1958-12-11
Rriocard,Petford,rpetford9f@wp.com,Male,Greece,2012-06-11
Joel,Chugg,jchugg9g@domainmarket.com,Male,Colombia,1984-12-30
Odie,Yerrall,oyerrall9h@tripod.com,Male,Indonesia,2013-11-14
Diena,Macewan,dmacewan9i@nationalgeographic.com,Female,Finland,1960-01-24
Eddy,Forsyde,eforsyde9j@psu.edu,Male,Indonesia,1956-09-11
Payton,Rosengart,prosengart9k@wp.com,Male,China,1955-02-22
Kyrstin,Fergusson,kfergusson9l@people.com.cn,Female,Cameroon,2011-12-24
Iggy,McCritchie,imccritchie9m@google.nl,Male,Brazil,2012-07-27
Maridel,Pirouet,mpirouet9n@adobe.com,Female,Indonesia,1993-07-05
Micky,Jessen,mjessen9o@boston.com,Male,Brazil,2019-03-09
Willyt,Addekin,waddekin9p@flickr.com,Female,China,2016-01-26
Pansy,Buzzing,pbuzzing9q@elpais.com,Female,Portugal,2006-09-20
Angelo,Poschel,aposchel9r@google.cn,Male,Colombia,1967-05-16
Rodolphe,Sunnex,rsunnex9s@tiny.cc,Male,Indonesia,1957-03-19
Waite,Bulbeck,wbulbeck9t@quantcast.com,Male,Greece,2016-02-17
Kaitlyn,Burgise,kburgise9u@t.co,Female,Norway,1981-01-07
Aloise,Matteoni,amatteoni9v@weebly.com,Female,France,2015-01-23
Corny,Teresse,cteresse9w@ucla.edu,Male,Brazil,2019-04-28
Erick,Chason,echason9x@symantec.com,Male,Peru,1984-06-30
Filmer,Kabos,fkabos9y@indiegogo.com,Male,South Korea,2001-02-13
Mal,Casado,mcasado9z@msu.edu,Male,Canada,1978-08-18
Ailyn,Keats,akeatsa0@sun.com,Female,China,2012-03-23
Matthus,Voss,mvossa1@networksolutions.com,Male,Indonesia,2011-06-13
Ibrahim,Fawlks,ifawlksa2@parallels.com,Male,China,2011-09-11
Alasteir,Wasielewicz,awasielewicza3@stumbleupon.com,Male,Peru,1969-07-27
Isabeau,Piolli,ipiollia4@spotify.com,Female,China,1965-05-06
Alvinia,Speller,aspellera5@jiathis.com,Female,Colombia,1996-04-22
Kenton,Djekovic,kdjekovica6@seesaa.net,Male,France,1998-01-02
Ricoriki,Catherine,rcatherinea7@nsw.gov.au,Male,Dominica,2008-06-14
Augustine,Ianno,aiannoa8@dailymail.co.uk,Male,China,2010-04-04
Ronald,Signoret,rsignoreta9@example.com,Male,Spain,2005-12-02
Matelda,Faulks,mfaulksaa@geocities.com,Female,Sweden,2019-09-02
Meridith,Beer,mbeerab@opensource.org,Female,Finland,1978-06-01
Trudy,Davydzenko,tdavydzenkoac@globo.com,Female,China,1960-06-05
Lowell,Jouannin,ljouanninad@reddit.com,Male,China,1974-04-09
Torrey,Daelman,tdaelmanae@constantcontact.com,Male,Philippines,2015-09-08
Forrest,Saulter,fsaulteraf@wunderground.com,Male,Poland,1984-02-18
Douglass,Sesser,dsesserag@un.org,Male,China,1999-07-07
Ario,Josskowitz,ajosskowitzah@cbslocal.com,Male,China,2010-02-25
Nonie,Wing,nwingai@sfgate.com,Female,China,2012-12-21
Angeline,MacCaughey,amaccaugheyaj@mapquest.com,Female,China,2019-12-08
Broddy,Byrkmyr,bbyrkmyrak@php.net,Male,China,1999-04-26
Tamra,Sichardt,tsichardtal@whitehouse.gov,Female,China,1974-06-28
Ainslie,Getcliff,agetcliffam@list-manage.com,Female,Sweden,1959-10-27
Correy,Finch,cfinchan@wsj.com,Male,China,1963-09-29
Jesselyn,Mollett,jmollettao@a8.net,Female,China,1993-09-24
Janette,Urian,jurianap@epa.gov,Female,France,1978-03-18
Ozzy,Ioannidis,oioannidisaq@miitbeian.gov.cn,Male,Portugal,1951-01-27
Olag,Sessuns,osessunsar@posterous.com,Male,Central African Republic,2008-09-12
Rowan,Rowthorne,rrowthorneas@pcworld.com,Male,Indonesia,1983-07-22
Jocko,Calabry,jcalabryat@ft.com,Male,Argentina,1972-08-28
Rosita,Harbach,rharbachau@zdnet.com,Female,Japan,2000-08-03
Burty,Thieme,bthiemeav@berkeley.edu,Male,Norway,1967-11-02
Vlad,Hiley,vhileyaw@mapquest.com,Male,China,2013-06-23
Adara,Kirkland,akirklandax@sun.com,Female,China,2012-06-05
Korie,Astling,kastlingay@geocities.com,Female,China,2014-10-17
Odey,Hulks,ohulksaz@nsw.gov.au,Male,Indonesia,1989-10-09
Glenda,Dallyn,gdallynb0@cnn.com,Female,Russia,2004-10-26
Carie,Enever,ceneverb1@a8.net,Female,Luxembourg,1977-09-14
Petra,Loody,ploodyb2@virginia.edu,Female,Ghana,1953-06-28
Charlean,Skune,cskuneb3@1688.com,Female,Mongolia,1965-03-27
Keeley,Huntall,khuntallb4@google.com.au,Female,Indonesia,1954-08-08
Dorian,Durrant,ddurrantb5@wikipedia.org,Male,Brazil,2004-12-29
Kele,Cuttler,kcuttlerb6@devhub.com,Male,China,2020-07-08
Davis,Andrysiak,dandrysiakb7@facebook.com,Male,Poland,1981-07-28
Brear,Yeowell,byeowellb8@gov.uk,Female,Japan,2015-04-13
Shelia,McCullen,smccullenb9@lulu.com,Female,Russia,1984-12-07
Teressa,Morfett,tmorfettba@fastcompany.com,Female,Malta,1962-08-06
Eulalie,Midgely,emidgelybb@gmpg.org,Female,Colombia,1991-11-27
Pooh,Greyes,pgreyesbc@meetup.com,Female,Argentina,2017-07-07
Duff,D'Aeth,ddaethbd@google.com,Male,Thailand,1954-07-09
Riordan,Dilks,rdilksbe@examiner.com,Male,Indonesia,1977-07-03
Neville,Varlow,nvarlowbf@dot.gov,Male,Thailand,2001-01-22
Devon,Hawkswood,dhawkswoodbg@weibo.com,Female,China,2008-06-18
Ciro,Omond,comondbh@oaic.gov.au,Male,Philippines,1962-07-31
Denys,Martinets,dmartinetsbi@sphinn.com,Male,China,2000-03-21
Deva,Mechi,dmechibj@smugmug.com,Female,Brazil,1999-01-10
Neille,Hassett,nhassettbk@psu.edu,Female,Indonesia,1957-10-19
Livvy,Kretchmer,lkretchmerbl@dell.com,Female,China,1988-09-26
Wadsworth,Prestidge,wprestidgebm@slideshare.net,Male,China,1998-04-02
Chrisy,Ramsden,cramsdenbn@topsy.com,Male,Israel,2009-08-16
Avis,Saunton,asauntonbo@creativecommons.org,Female,Ukraine,1981-05-28
Waverley,Legister,wlegisterbp@craigslist.org,Male,China,1969-10-16
Des,Guiness,dguinessbq@freewebs.com,Male,China,1967-10-25
Ludovika,Peedell,lpeedellbr@joomla.org,Female,Angola,1951-01-31
Wilow,Strangman,wstrangmanbs@bloglovin.com,Female,Russia,1963-05-02
Teddy,Matschek,tmatschekbt@blog.com,Female,Indonesia,1996-11-22
Berny,Revens,brevensbu@multiply.com,Male,Indonesia,1965-08-14
Micah,Johannesson,mjohannessonbv@prlog.org,Male,China,2014-07-27
Claretta,Hyndson,chyndsonbw@sakura.ne.jp,Female,Philippines,1989-09-09
Zebadiah,Deane,zdeanebx@gov.uk,Male,Greece,1992-12-24
Levon,Helder,lhelderby@nytimes.com,Male,China,1959-02-21
Marys,Guisler,mguislerbz@unesco.org,Female,Indonesia,1951-06-22
Lu,Simms,lsimmsc0@hp.com,Female,Germany,1976-10-01
Willi,Javes,wjavesc1@examiner.com,Female,Benin,1976-05-17
Samantha,MacDuffie,smacduffiec2@webeden.co.uk,Female,Gambia,1961-11-19
Martino,Wilcott,mwilcottc3@yellowbook.com,Male,Azerbaijan,1969-09-02
Jess,Elmhirst,jelmhirstc4@flickr.com,Female,Portugal,1974-10-05
Merv,Poppleston,mpopplestonc5@cnet.com,Male,China,1995-12-30
Elena,Freeborne,efreebornec6@webeden.co.uk,Female,Nigeria,1980-06-14
Dorelia,Dwerryhouse,ddwerryhousec7@bloglovin.com,Female,Belarus,1970-02-27
Jasen,Cockell,jcockellc8@arstechnica.com,Male,China,1969-12-02
Gerhard,Small,gsmallc9@sfgate.com,Male,Philippines,2001-07-21
Shaylah,Ronchetti,sronchettica@etsy.com,Female,Ivory Coast,1976-10-03
Lauraine,Straker,lstrakercb@weebly.com,Female,Indonesia,1965-04-23
Colver,Snelgar,csnelgarcc@msn.com,Male,Rwanda,1986-09-28
Esma,Whyard,ewhyardcd@cargocollective.com,Female,Brazil,2012-07-18
Lorianne,Berrey,lberreyce@google.ru,Female,Russia,1979-09-08
Wenda,Curds,wcurdscf@miibeian.gov.cn,Female,China,1955-05-14
Janie,Carbert,jcarbertcg@usda.gov,Female,Tajikistan,1962-10-17
Kurtis,Wingar,kwingarch@virginia.edu,Male,Indonesia,1954-04-22
Alison,Ewence,aewenceci@fema.gov,Female,China,1991-12-27
Brodie,Morl,bmorlcj@marriott.com,Male,China,2000-07-03
Adrianna,Orrill,aorrillck@google.ru,Female,China,2006-10-10
Fan,Olifaunt,folifauntcl@technorati.com,Female,Micronesia,1996-03-18
Dori,McCart,dmccartcm@canalblog.com,Female,Portugal,1958-04-04
Rochella,Barstock,rbarstockcn@gnu.org,Female,China,1962-10-19
Ashton,Coghlin,acoghlinco@noaa.gov,Male,Portugal,2007-07-12
Alexei,Sandlin,asandlincp@sina.com.cn,Male,China,2020-05-27
Husain,Webberley,hwebberleycq@bing.com,Male,Lithuania,2010-11-24
Brok,Pead,bpeadcr@go.com,Male,Greece,2020-10-10
Hamlin,Cruxton,hcruxtoncs@timesonline.co.uk,Male,Indonesia,2001-04-29
Felicdad,Shackelton,fshackeltonct@flickr.com,Female,Brazil,1954-06-09
Lewiss,Tolworth,ltolworthcu@cnn.com,Male,Spain,2011-04-18
Kary,Cattlow,kcattlowcv@sina.com.cn,Female,Indonesia,2017-06-24
Abigale,Du Plantier,aduplantiercw@ftc.gov,Female,Philippines,1969-07-11
Zachary,Spurling,zspurlingcx@chronoengine.com,Male,Philippines,1954-01-02
Anastasie,Pavek,apavekcy@sogou.com,Female,Costa Rica,1981-01-30
Cornie,Sinnatt,csinnattcz@toplist.cz,Female,China,1969-02-05
Delly,Du Plantier,dduplantierd0@rambler.ru,Female,China,1966-02-22
Janel,Cleife,jcleifed1@infoseek.co.jp,Female,Brazil,2013-12-26
Gerome,Scowcraft,gscowcraftd2@deviantart.com,Male,Brazil,2013-07-25
Edwin,Ornelas,eornelasd3@google.co.uk,Male,Portugal,2017-02-12
Stacee,Causier,scausierd4@irs.gov,Male,China,2010-03-04
Guillemette,Mourant,gmourantd5@opensource.org,Female,Indonesia,1980-06-23
Averil,Murtell,amurtelld6@infoseek.co.jp,Female,Serbia,1952-08-30
Wallas,Cahn,wcahnd7@ameblo.jp,Male,Tunisia,2017-04-21
Amaleta,Saltmarshe,asaltmarshed8@blogger.com,Female,China,2012-07-08
Piper,Paulot,ppaulotd9@spiegel.de,Female,Colombia,2018-12-27
Bab,Maclaine,bmaclaineda@ebay.co.uk,Female,Portugal,1991-11-28
Timmy,Bento,tbentodb@senate.gov,Male,Brazil,1984-11-03
Freda,Littell,flittelldc@digg.com,Female,Indonesia,2013-09-19
Koralle,Deverall,kdeveralldd@alibaba.com,Female,China,1995-03-28
Holt,Wordesworth,hwordesworthde@jiathis.com,Male,Philippines,1985-06-06
Mahmud,McLennan,mmclennandf@latimes.com,Male,Philippines,2016-08-29
Amby,Honacker,ahonackerdg@abc.net.au,Male,Netherlands,2003-10-16
Micky,Whife,mwhifedh@slate.com,Male,Argentina,1965-02-09
Kim,Dewicke,kdewickedi@oakley.com,Male,United States,2002-03-04
Archibald,Searston,asearstondj@si.edu,Male,Ukraine,1988-01-06
Maryann,Flower,mflowerdk@eepurl.com,Female,Lithuania,1977-10-14
Earvin,Fayre,efayredl@hatena.ne.jp,Male,France,2018-02-21
Ferdy,Robey,frobeydm@disqus.com,Male,Lithuania,1994-05-21
Albie,Durdy,adurdydn@webmd.com,Male,Russia,2002-07-26
Kerianne,Bergstram,kbergstramdo@ucoz.com,Female,China,1955-12-17
Cynthia,Tabourier,ctabourierdp@cnet.com,Female,China,1978-09-17
Uriah,Badsey,ubadseydq@gnu.org,Male,Colombia,2013-11-21
Esdras,Swetland,eswetlanddr@wired.com,Male,Argentina,1974-11-22
Blakeley,Barchrameev,bbarchrameevds@vinaora.com,Female,China,1984-07-25
Moe,Jickells,mjickellsdt@technorati.com,Male,Russia,1957-03-29
Perkin,Paulus,ppaulusdu@about.me,Male,Philippines,1956-06-15
Clarette,Wigin,cwigindv@ezinearticles.com,Female,Iraq,1992-12-22
Ezri,Glowacha,eglowachadw@sciencedirect.com,Male,China,1997-11-03
Gabie,Asbrey,gasbreydx@tiny.cc,Female,China,1992-04-15
Reginald,Paye,rpayedy@digg.com,Male,Vietnam,2020-12-09
Bert,Duchenne,bduchennedz@ft.com,Male,Vietnam,2018-03-18
Jecho,Neylon,jneylone0@patch.com,Male,Indonesia,2008-09-21
Zea,Daughtery,zdaughterye1@comcast.net,Female,Poland,1980-08-03
Meyer,Matic,mmatice2@facebook.com,Male,Bangladesh,1993-05-11
Alethea,Cobain,acobaine3@usa.gov,Female,China,2017-06-06
Olga,Philipps,ophilippse4@moonfruit.com,Female,Philippines,1975-09-11
Leela,Morley,lmorleye5@unicef.org,Female,Czech Republic,2006-12-14
Erin,Davenhall,edavenhalle6@odnoklassniki.ru,Male,Kazakhstan,2002-10-31
Flori,Obey,fobeye7@goodreads.com,Female,Indonesia,1974-10-29
Kay,Thames,kthamese8@ifeng.com,Female,Russia,1967-04-22
Kerwinn,Gilhooly,kgilhoolye9@auda.org.au,Male,Russia,2009-08-15
Ellyn,Harder,eharderea@discuz.net,Female,United States,2006-12-29
Ilyssa,Riply,iriplyeb@a8.net,Female,Greece,1951-07-09
Wally,Kenforth,wkenforthec@go.com,Female,Chile,1996-06-14
Lissi,Aslin,laslined@ucoz.com,Female,Russia,1963-11-20
Brannon,Parlour,bparlouree@bloglines.com,Male,Angola,1995-07-11
Zacharie,Gamwell,zgamwellef@redcross.org,Male,Kazakhstan,2012-01-31
Xena,Ilchenko,xilchenkoeg@pcworld.com,Female,China,1976-12-04
Bordie,Ebbotts,bebbottseh@ustream.tv,Male,Russia,2008-08-17
Therese,Snoxell,tsnoxellei@thetimes.co.uk,Female,China,1988-11-30
Roxana,Dumingos,rdumingosej@about.me,Female,China,1969-05-08
Renie,Jenner,rjennerek@weibo.com,Female,Palau,1960-08-22
Anabal,Hunting,ahuntingel@gov.uk,Female,Peru,1975-07-12
Latrina,Reisenberg,lreisenbergem@hexun.com,Female,Indonesia,1977-10-21
Salim,Tilio,stilioen@umich.edu,Male,Philippines,1996-01-11
Fiann,Jakaway,fjakawayeo@virginia.edu,Female,Portugal,2006-02-22
Gusty,Linnane,glinnaneep@bandcamp.com,Female,Russia,1969-01-22
Carolan,Valente,cvalenteeq@linkedin.com,Female,Indonesia,2013-11-01
Jose,Scadden,jscaddener@bravesites.com,Male,Norway,1952-07-30
Milo,Withrington,mwithringtones@wired.com,Male,Greece,1957-09-14
Warner,Skipper,wskipperet@ibm.com,Male,Peru,1982-05-12
Daria,Sangar,dsangareu@adobe.com,Female,Japan,1981-07-09
Wang,Sherwin,wsherwinev@mapquest.com,Male,Philippines,1960-09-11
Adella,Pellingar,apellingarew@google.pl,Female,Russia,1957-03-29
Kim,Dragoe,kdragoeex@foxnews.com,Female,Argentina,1960-07-04
Angelique,Whitfeld,awhitfeldey@about.me,Female,Colombia,2017-01-30
Nelia,Bavister,nbavisterez@usatoday.com,Female,Philippines,2003-06-05
Stephana,Streather,sstreatherf0@sitemeter.com,Female,Japan,1958-05-05
Lev,Ciobutaru,lciobutaruf1@liveinternet.ru,Male,Slovenia,1975-04-08
Oswell,Sidey,osideyf2@statcounter.com,Male,China,2001-01-11
Fawne,Perel,fperelf3@live.com,Female,Czech Republic,1956-03-18
Ingaborg,Scrane,iscranef4@hao123.com,Female,Vietnam,1951-01-14
Frederik,Corselles,fcorsellesf5@symantec.com,Male,China,1967-11-19
Rabbi,Pimbley,rpimbleyf6@chicagotribune.com,Male,Poland,1993-10-04
Filmer,Godard,fgodardf7@va.gov,Male,China,2018-08-22
Adara,O'Hollegan,aoholleganf8@dell.com,Female,Indonesia,1956-12-24
Edyth,Side,esidef9@1und1.de,Female,Palestinian Territory,1953-08-26
Tobin,Matijasevic,tmatijasevicfa@bravesites.com,Male,Saudi Arabia,2018-11-07
Murvyn,Trebble,mtrebblefb@jigsy.com,Male,Papua New Guinea,2010-07-11
Ilise,Lemmens,ilemmensfc@163.com,Female,United States,1980-12-14
Hurlee,Fowley,hfowleyfd@rediff.com,Male,China,2002-08-24
Darice,Mancktelow,dmancktelowfe@istockphoto.com,Female,Venezuela,2009-01-18
Brewster,Tyas,btyasff@tripod.com,Male,Russia,1983-01-16
Franciskus,De Meyer,fdemeyerfg@de.vu,Male,Brazil,1992-12-15
Marshall,Ferrers,mferrersfh@sciencedaily.com,Male,Indonesia,1980-10-25
Tybie,Dubois,tduboisfi@rambler.ru,Female,Indonesia,1959-01-20
Karmen,Gracewood,kgracewoodfj@state.tx.us,Female,Japan,1997-05-16
Marlane,Buttwell,mbuttwellfk@admin.ch,Female,China,2017-02-14
Lou,Heckle,lhecklefl@mapy.cz,Female,United States,2018-04-07
Kennedy,Hastin,khastinfm@bbc.co.uk,Male,Canada,2018-10-03
Kellen,Revey,kreveyfn@illinois.edu,Female,Ukraine,1970-01-10
Mace,Realff,mrealfffo@dropbox.com,Male,Bosnia and Herzegovina,1995-03-30
Koralle,Older,kolderfp@merriam-webster.com,Female,United States,2008-09-21
Lucias,Broom,lbroomfq@uiuc.edu,Male,China,1969-07-28
Cathrine,Waistell,cwaistellfr@360.cn,Female,Honduras,2016-04-22
Carine,Matussov,cmatussovfs@spotify.com,Female,Guatemala,1976-03-26
Vassily,Wile,vwileft@e-recht24.de,Male,Poland,1953-03-23
Tamma,Pacitti,tpacittifu@shutterfly.com,Female,Poland,2002-10-18
Dore,Bresner,dbresnerfv@omniture.com,Female,Japan,1998-11-01
Desiri,Penticost,dpenticostfw@pcworld.com,Female,Costa Rica,1976-02-12
Charlene,Sterman,cstermanfx@businessinsider.com,Female,China,1984-10-13
Stanleigh,Traite,straitefy@mtv.com,Male,France,1958-03-03
Jennilee,Serchwell,jserchwellfz@wsj.com,Female,Russia,1966-05-01
Cherish,Slatford,cslatfordg0@msu.edu,Female,Kazakhstan,1973-06-19
Valina,Drewet,vdrewetg1@mashable.com,Female,Indonesia,1998-03-17
John,Itzkovich,jitzkovichg2@blogspot.com,Male,Philippines,1971-05-17
Vince,Skittle,vskittleg3@omniture.com,Male,Russia,1954-11-17
Bobinette,Hathaway,bhathawayg4@psu.edu,Female,Hungary,2012-01-31
Hillary,Poinsett,hpoinsettg5@amazonaws.com,Male,Honduras,2015-04-26
Francis,Fumagall,ffumagallg6@phoca.cz,Male,Brazil,1986-10-06
Kati,Swatland,kswatlandg7@shareasale.com,Female,Philippines,1988-02-12
Kile,Roselli,krosellig8@slate.com,Male,China,2007-12-08
Maryanne,Mackleden,mmackledeng9@cyberchimps.com,Female,Sweden,1990-10-11
Dilan,Wabb,dwabbga@scribd.com,Male,Indonesia,2013-03-30
Arin,Schwartz,aschwartzgb@zimbio.com,Male,China,2000-08-08
Cordula,Waterfall,cwaterfallgc@webeden.co.uk,Female,Indonesia,1994-06-21
Reynard,Davidovitch,rdavidovitchgd@rediff.com,Male,Ethiopia,1984-07-21
Esra,Elgie,eelgiege@cocolog-nifty.com,Male,Venezuela,2008-05-04
Taite,Messenger,tmessengergf@yahoo.com,Male,Argentina,1962-12-06
Zolly,Couve,zcouvegg@google.it,Male,China,2013-06-21
Issie,Gudyer,igudyergh@xing.com,Female,Brazil,1970-07-01
Royall,Hause,rhausegi@icq.com,Male,Poland,2009-05-02
Charlean,Wormell,cwormellgj@reference.com,Female,Indonesia,1958-06-12
Gerald,Ratledge,gratledgegk@51.la,Male,Brazil,2013-10-30
Chick,Shillabear,cshillabeargl@aol.com,Male,Brazil,2003-09-30
Audie,Murgatroyd,amurgatroydgm@hhs.gov,Female,Indonesia,1984-02-17
Rhetta,McCleod,rmccleodgn@addtoany.com,Female,Greece,1951-08-15
Christean,Lawford,clawfordgo@businessinsider.com,Female,Croatia,1985-01-01
Gothart,Tumelty,gtumeltygp@addtoany.com,Male,Spain,1983-10-13
Kellen,Braybrooks,kbraybrooksgq@mashable.com,Female,Russia,2018-12-25
Svend,Pettigree,spettigreegr@networkadvertising.org,Male,Russia,2001-02-28
Buckie,Konerding,bkonerdinggs@netscape.com,Male,Ukraine,1999-10-15
Edik,Anscombe,eanscombegt@gravatar.com,Male,Japan,1970-04-30
Camella,Alderwick,calderwickgu@shutterfly.com,Female,Greece,1952-11-25
Josephina,Perott,jperottgv@go.com,Female,Portugal,1965-03-16
Rebekkah,Wylder,rwyldergw@networkadvertising.org,Female,China,2019-01-03
Marianna,Kasting,mkastinggx@oaic.gov.au,Female,China,1988-06-27
Aileen,Fereday,aferedaygy@businesswire.com,Female,Portugal,1987-10-01
Arlie,Croxon,acroxongz@chronoengine.com,Female,China,2014-08-02
Bradan,McCarl,bmccarlh0@sina.com.cn,Male,Tajikistan,1998-08-05
Dorothee,Kiezler,dkiezlerh1@qq.com,Female,Philippines,1959-11-27
Melba,Milesop,mmilesoph2@netvibes.com,Female,United States,1981-10-04
Rollins,McAvinchey,rmcavincheyh3@springer.com,Male,Russia,1973-05-04
Nita,Radnage,nradnageh4@jimdo.com,Female,China,2003-10-20
Antone,Cotter,acotterh5@amazon.co.uk,Male,China,1971-12-27
Conney,Etherson,cethersonh6@wp.com,Male,Philippines,1974-11-26
Flemming,Lammers,flammersh7@earthlink.net,Male,China,2009-04-14
Bevin,Shuttlewood,bshuttlewoodh8@nps.gov,Male,China,1992-03-04
Artemis,MacGeaney,amacgeaneyh9@dailymotion.com,Male,France,1973-06-18
Chanda,Muncer,cmuncerha@webmd.com,Female,Mexico,2008-07-03
Bengt,Rains,brainshb@printfriendly.com,Male,China,1985-07-31
Bibbye,Degoe,bdegoehc@mozilla.com,Female,Gambia,2002-10-26
Claybourne,Sanderson,csandersonhd@eepurl.com,Male,Sweden,2004-10-31
Michelle,Stiegar,mstiegarhe@nba.com,Female,Ethiopia,1974-11-26
Eryn,Divall,edivallhf@tinyurl.com,Female,Afghanistan,1978-11-01
Woodman,Bateup,wbateuphg@dagondesign.com,Male,Azerbaijan,1952-11-17
Douglas,Hardie,dhardiehh@europa.eu,Male,France,1972-01-26
Elbert,Gobbet,egobbethi@pinterest.com,Male,Pakistan,1953-04-22
Kassia,Eglinton,keglintonhj@scientificamerican.com,Female,China,1958-02-15
Margy,Syrie,msyriehk@dailymail.co.uk,Female,Indonesia,1996-03-05
Syd,Pauly,spaulyhl@spiegel.de,Male,France,1951-11-13
Jud,Krollman,jkrollmanhm@twitpic.com,Male,Indonesia,1950-06-23
Luisa,Glancey,lglanceyhn@theatlantic.com,Female,Russia,1952-05-10
Sileas,Kernan,skernanho@odnoklassniki.ru,Female,Finland,1996-07-11
Malena,Colaton,mcolatonhp@over-blog.com,Female,Brazil,1951-07-12
Joice,Brooks,jbrookshq@vk.com,Female,Netherlands,2001-11-28
Evonne,Hedditch,ehedditchhr@com.com,Female,Brazil,1953-03-21
Cordie,Neeves,cneeveshs@cbsnews.com,Male,France,2006-08-25
Dehlia,Tuplin,dtuplinht@eventbrite.com,Female,China,1993-02-01
Cosimo,Izakov,cizakovhu@gizmodo.com,Male,Cuba,1968-10-16
Maurizia,Culleford,mcullefordhv@pinterest.com,Female,Argentina,2019-08-19
Bevon,Burborough,bburboroughhw@bloomberg.com,Male,China,2006-02-21
Arliene,Spincks,aspinckshx@netvibes.com,Female,Peru,1974-12-15
Eduard,Gammill,egammillhy@t.co,Male,Portugal,1950-11-02
Celestyna,Beedon,cbeedonhz@ucoz.ru,Female,China,2018-11-03
Ina,Edmondson,iedmondsoni0@nydailynews.com,Female,Japan,2017-08-25
Cyndia,Walworth,cwalworthi1@shutterfly.com,Female,Sweden,1968-07-06
Lorant,Roobottom,lroobottomi2@yandex.ru,Male,Germany,1980-05-25
Flossie,Fesby,ffesbyi3@lycos.com,Female,Indonesia,2001-11-06
Uta,Murney,umurneyi4@github.com,Female,Mexico,1994-03-28
Magda,Turland,mturlandi5@xrea.com,Female,Colombia,1979-10-25
Cross,Merveille,cmerveillei6@bloglines.com,Male,Vietnam,2003-11-26
Edgar,Stagg,estaggi7@indiegogo.com,Male,Jordan,2006-12-28
Erda,Bodle,ebodlei8@addthis.com,Female,Indonesia,2001-10-16
Jeffrey,Gregs,jgregsi9@live.com,Male,Czech Republic,1955-06-12
Lebbie,Bramwell,lbramwellia@mapy.cz,Female,Russia,1969-11-13
Irwin,Aitken,iaitkenib@freewebs.com,Male,Indonesia,2014-08-19
Jimmy,Fuzzey,jfuzzeyic@posterous.com,Male,Thailand,1977-09-12
Tatiana,Pigdon,tpigdonid@squarespace.com,Female,Kazakhstan,1967-07-06
Ashlee,Vasilchikov,avasilchikovie@ustream.tv,Female,Czech Republic,1950-03-01
Lenci,Gadman,lgadmanif@nifty.com,Male,China,2012-12-08
Foss,Fivey,ffiveyig@umn.edu,Male,Russia,1987-01-11
Sherry,Flips,sflipsih@clickbank.net,Female,Sweden,1964-11-26
Chrissie,Kinnen,ckinnenii@uiuc.edu,Female,Philippines,1983-02-23
Nomi,Gibbons,ngibbonsij@vistaprint.com,Female,Greece,1993-04-22
Ellerey,Fettiplace,efettiplaceik@bbb.org,Male,United States,1971-10-17
Marven,Warsap,mwarsapil@jimdo.com,Male,Bosnia and Herzegovina,1956-04-30
Reid,Burgoin,rburgoinim@symantec.com,Male,Philippines,1950-07-10
Griff,Fransson,gfranssonin@yellowbook.com,Male,Serbia,1982-07-15
Fonzie,de Villier,fdevillierio@unc.edu,Male,France,1984-02-13
Bethany,Anglin,banglinip@edublogs.org,Female,Portugal,1979-07-08
Dyanna,Argontt,dargonttiq@etsy.com,Female,United States,2004-08-20
Dorena,Eiler,deilerir@phoca.cz,Female,Philippines,2006-10-15
Brendon,Vallance,bvallanceis@yahoo.com,Male,France,1971-02-01
Hillier,Zoellner,hzoellnerit@patch.com,Male,Indonesia,2020-06-18
Livvyy,Sandeford,lsandefordiu@naver.com,Female,Portugal,2008-12-25
Geri,Feeny,gfeenyiv@example.com,Male,Armenia,1963-02-08
Thornie,Renahan,trenahaniw@constantcontact.com,Male,Equatorial Guinea,1963-07-19
Rosella,Nockalls,rnockallsix@g.co,Female,China,2014-09-27
Betteanne,Malkinson,bmalkinsoniy@oaic.gov.au,Female,Ecuador,1983-10-07
Garey,Derisly,gderislyiz@mozilla.org,Male,China,1979-11-07
Drucill,Probert,dprobertj0@blog.com,Female,United States,1981-07-05
Nertie,Hindenberger,nhindenbergerj1@mapquest.com,Female,China,1954-10-05
Delphinia,Itter,ditterj2@goo.gl,Female,Philippines,1999-08-02
Hunt,Mangeney,hmangeneyj3@washington.edu,Male,Russia,1992-03-22
Arly,Gilluley,agilluleyj4@dmoz.org,Female,Japan,1969-02-08
Neilla,Wynes,nwynesj5@lycos.com,Female,Netherlands,2003-05-27
Kary,Schimaschke,kschimaschkej6@linkedin.com,Female,Portugal,1983-01-21
Madelaine,Ezzell,mezzellj7@cnet.com,Female,China,1969-09-24
Lelah,Ferencowicz,lferencowiczj8@businessweek.com,Female,France,1975-09-07
Christoforo,Bridgeland,cbridgelandj9@marriott.com,Male,Pakistan,2012-06-21
Kerianne,Spritt,ksprittja@live.com,Female,Kyrgyzstan,1972-03-15
Olivier,Habishaw,ohabishawjb@gov.uk,Male,Mauritius,2018-05-31
Bryant,Dorro,bdorrojc@intel.com,Male,Sweden,1953-02-26
Forest,Webster,fwebsterjd@trellian.com,Male,France,1967-10-27
Virgie,Dugdale,vdugdaleje@army.mil,Male,Indonesia,1995-03-11
Thorndike,Bradnum,tbradnumjf@java.com,Male,Bangladesh,1962-10-28
Mikael,Childes,mchildesjg@stumbleupon.com,Male,Canada,1986-10-09
Inglis,Lowen,ilowenjh@state.gov,Male,Malta,2000-05-18
Cory,Wearden,cweardenji@bigcartel.com,Female,Sweden,1950-03-03
Isabelle,Vasiljevic,ivasiljevicjj@chron.com,Female,China,1984-03-30
Sande,Bruno,sbrunojk@macromedia.com,Female,Argentina,1977-09-01
Andreana,Threlkeld,athrelkeldjl@blog.com,Female,Russia,2009-11-11
Denice,Walczynski,dwalczynskijm@dmoz.org,Female,Russia,1973-10-25
Jo,Humbey,jhumbeyjn@stumbleupon.com,Male,Indonesia,1953-06-15
Clarisse,Schimonek,cschimonekjo@huffingtonpost.com,Female,Brazil,1956-04-01
Eduard,Zarfat,ezarfatjp@chicagotribune.com,Male,Ukraine,1950-08-03
Nevil,Leupold,nleupoldjq@blogs.com,Male,Indonesia,2011-02-15
Derek,Goulding,dgouldingjr@flickr.com,Male,Albania,1977-07-18
Bert,Lowbridge,blowbridgejs@amazon.com,Female,Benin,1977-02-18
Hymie,Theakston,htheakstonjt@twitpic.com,Male,Bangladesh,1953-03-23
Yul,Sedgefield,ysedgefieldju@craigslist.org,Male,Iran,2007-01-08
Kaye,Das,kdasjv@oaic.gov.au,Female,Mexico,2010-08-17
Morganica,Aggio,maggiojw@si.edu,Female,China,1998-11-01
Monro,Pinel,mpineljx@soup.io,Male,Thailand,2013-08-01
Tuck,Wraight,twraightjy@zimbio.com,Male,Mexico,1956-07-27
Lauri,Mayers,lmayersjz@furl.net,Female,China,1984-09-22
Skippie,Johnsey,sjohnseyk0@cbsnews.com,Male,Japan,2010-08-27
Waiter,Loisi,wloisik1@youtube.com,Male,Brazil,1971-07-16
Helli,Bambury,hbamburyk2@arizona.edu,Female,Brazil,2010-02-17
Buckie,Zamora,bzamorak3@huffingtonpost.com,Male,Russia,2016-02-11
Imogen,Hurdidge,ihurdidgek4@google.nl,Female,China,2002-07-06
Clemence,Spat,cspatk5@ow.ly,Female,Panama,1981-10-31
Jarrid,Broadey,jbroadeyk6@sogou.com,Male,China,1973-12-05
Linc,Gennings,lgenningsk7@microsoft.com,Male,Indonesia,2020-06-14
Bryn,Deinert,bdeinertk8@ocn.ne.jp,Female,Philippines,1999-05-24
Megen,Sealy,msealyk9@soundcloud.com,Female,Indonesia,1992-03-15
Ronda,Woodcock,rwoodcockka@deliciousdays.com,Female,Indonesia,1982-06-27
Barnard,Gouck,bgouckkb@simplemachines.org,Male,United States,1955-06-15
Scarlett,Klaus,sklauskc@yellowpages.com,Female,Mongolia,1968-06-11
Tanny,Le Merchant,tlemerchantkd@fc2.com,Male,Thailand,1960-12-16
Cathrine,Alison,calisonke@oaic.gov.au,Female,China,1985-03-18
Ddene,Cornhill,dcornhillkf@cmu.edu,Female,China,1981-05-24
Brewster,Nehlsen,bnehlsenkg@google.cn,Male,South Korea,1974-06-29
Casi,Wilmore,cwilmorekh@t-online.de,Female,Peru,1959-03-09
Bonnie,Clew,bclewki@cbsnews.com,Female,Thailand,2008-02-01
Dorolisa,Dukes,ddukeskj@jigsy.com,Female,China,1971-12-19
Nevile,Greader,ngreaderkk@is.gd,Male,Brazil,2008-02-10
Katheryn,McMoyer,kmcmoyerkl@timesonline.co.uk,Female,China,1983-07-26
Ezekiel,Gowling,egowlingkm@zdnet.com,Male,Croatia,1965-10-14
Phoebe,Drewett,pdrewettkn@jigsy.com,Female,Indonesia,1961-03-01
Thorsten,Logan,tloganko@webmd.com,Male,China,1951-05-11
Bo,Coetzee,bcoetzeekp@bloomberg.com,Male,China,1973-07-22
Rand,Yitshak,ryitshakkq@163.com,Male,China,1952-12-10
Araldo,Carrabott,acarrabottkr@wufoo.com,Male,Indonesia,1953-07-02
Roberta,Wyant,rwyantks@harvard.edu,Female,Venezuela,1972-12-27
Goldina,Duchenne,gduchennekt@blog.com,Female,Indonesia,1963-05-06
Lishe,Straine,lstraineku@fema.gov,Female,China,2011-08-17
Emelyne,Julien,ejulienkv@woothemes.com,Female,Argentina,1960-08-07
Inness,Cabrer,icabrerkw@alexa.com,Male,Poland,1950-01-30
Arthur,Getcliffe,agetcliffekx@photobucket.com,Male,Indonesia,1995-09-02
Arluene,Westman,awestmanky@springer.com,Female,Indonesia,1995-11-30
Alecia,McClosh,amccloshkz@de.vu,Female,Afghanistan,1999-09-26
Fayth,Batchelar,fbatchelarl0@prlog.org,Female,Paraguay,1981-11-04
Penny,Mainz,pmainzl1@umn.edu,Male,Brazil,1989-07-20
Carmelina,Waskett,cwaskettl2@networksolutions.com,Female,Venezuela,1962-03-25
Pepito,Lever,pleverl3@cbsnews.com,Male,Kazakhstan,1973-01-27
Malissia,Bilbie,mbilbiel4@hubpages.com,Female,Russia,1973-07-13
Teddie,Hutcheons,thutcheonsl5@phoca.cz,Male,Indonesia,2012-03-02
Eustacia,Millberg,emillbergl6@salon.com,Female,Bosnia and Herzegovina,1976-03-20
Letta,Yglesia,lyglesial7@furl.net,Female,China,1982-12-12
Kiley,Schruur,kschruurl8@discovery.com,Male,China,1987-04-27
Lincoln,Folkerd,lfolkerdl9@issuu.com,Male,Haiti,1996-07-27
Helenelizabeth,Dunge,hdungela@marriott.com,Female,Israel,1994-01-23
Cristionna,Biggerstaff,cbiggerstafflb@imageshack.us,Female,Thailand,1999-10-23
Hillery,Bolwell,hbolwelllc@behance.net,Male,Russia,1974-11-26
Hirsch,Caveill,hcaveillld@archive.org,Male,Greece,1959-01-03
Riobard,Swanborough,rswanboroughle@csmonitor.com,Male,China,1962-01-17
Zondra,Rays,zrayslf@marketwatch.com,Female,China,1988-10-05
Durward,Akid,dakidlg@samsung.com,Male,France,1992-01-03
Kippie,Binley,kbinleylh@arizona.edu,Female,Brazil,1979-04-10
Hale,Fetherston,hfetherstonli@boston.com,Male,Brazil,1995-05-13
Agnes,Constantine,aconstantinelj@odnoklassniki.ru,Female,Russia,2008-12-30
Kissiah,Behnke,kbehnkelk@chicagotribune.com,Female,Burkina Faso,2011-01-13
Andrus,Huckell,ahuckellll@nhs.uk,Male,Peru,1988-06-24
Haily,Stiling,hstilinglm@npr.org,Male,Ivory Coast,1957-10-30
Cordey,Astell,castellln@live.com,Female,Colombia,1997-08-07
Rosalia,Etuck,retucklo@indiatimes.com,Female,Finland,1950-01-22
Bartholomeus,Meakes,bmeakeslp@utexas.edu,Male,Nigeria,2005-08-06
Sherry,Casina,scasinalq@miitbeian.gov.cn,Female,Costa Rica,2011-06-28
Joseito,Currer,jcurrerlr@skype.com,Male,China,1989-03-14
Zena,Alesbrook,zalesbrookls@buzzfeed.com,Female,Portugal,1981-09-12
Hanni,Lerwell,hlerwelllt@salon.com,Female,Indonesia,2019-07-06
Julia,Nuzzti,jnuzztilu@nytimes.com,Female,Poland,1987-12-12
Malcolm,Gillan,mgillanlv@friendfeed.com,Male,Brazil,1968-09-08
Robbi,Hulstrom,rhulstromlw@craigslist.org,Female,Honduras,2003-12-07
Ree,Soulsby,rsoulsbylx@nymag.com,Female,France,1965-11-29
Alisun,Dissman,adissmanly@sphinn.com,Female,Ukraine,2018-06-01
Dallis,Halvosen,dhalvosenlz@altervista.org,Male,Indonesia,1963-11-05
Jillian,Sherar,jsherarm0@independent.co.uk,Female,Poland,2013-12-14
Robina,Iannazzi,riannazzim1@redcross.org,Female,Indonesia,1968-07-15
Anet,MacElharge,amacelhargem2@smh.com.au,Female,Poland,1989-12-12
Colver,Glancy,cglancym3@unicef.org,Male,Thailand,1976-12-08
Jillana,Crock,jcrockm4@wunderground.com,Female,Norway,1986-12-01
Symon,Fuentez,sfuentezm5@php.net,Male,Portugal,1985-02-16
Stevana,Burstow,sburstowm6@dell.com,Female,Pakistan,2000-02-15
Dori,Guillford,dguillfordm7@noaa.gov,Female,Russia,2018-08-30
Arabelle,Bilbie,abilbiem8@hubpages.com,Female,Brazil,2001-03-25
Marcile,Gisburne,mgisburnem9@nsw.gov.au,Female,Portugal,2006-02-14
Laurianne,Rubee,lrubeema@mayoclinic.com,Female,Ukraine,2008-09-02
Reinaldos,Troutbeck,rtroutbeckmb@yahoo.co.jp,Male,France,1973-09-19
Melisenda,Dessent,mdessentmc@stumbleupon.com,Female,China,1971-12-26
Dion,Grouvel,dgrouvelmd@telegraph.co.uk,Male,Canada,2017-12-24
Sheelagh,Matz,smatzme@theatlantic.com,Female,Philippines,2016-04-13
Kristo,Brimblecombe,kbrimblecombemf@icq.com,Male,Marshall Islands,1980-03-24
Kristien,Rawll,krawllmg@flickr.com,Female,Poland,1971-12-22
Melonie,Ciciotti,mciciottimh@patch.com,Female,Iraq,2016-12-15
Agosto,Westmacott,awestmacottmi@goo.gl,Male,Ivory Coast,1950-07-02
Arvie,Delue,adeluemj@last.fm,Male,Indonesia,1991-03-06
Omero,Demare,odemaremk@icq.com,Male,Indonesia,1953-02-08
Mindy,Tite,mtiteml@shareasale.com,Female,Sweden,1964-02-03
Antony,Pagram,apagrammm@upenn.edu,Male,Mexico,1999-03-04
Pooh,Boosey,pbooseymn@instagram.com,Female,Philippines,1992-07-07
Giustina,Maymand,gmaymandmo@latimes.com,Female,China,1986-06-15
Gallagher,Kording,gkordingmp@bigcartel.com,Male,Philippines,2017-10-07
Judon,Tudor,jtudormq@sun.com,Male,China,1992-12-26
Fletcher,Harrop,fharropmr@acquirethisname.com,Male,Malawi,1968-02-18
Anette,Yedall,ayedallms@imgur.com,Female,Pakistan,1982-07-04
Mikol,Normanvell,mnormanvellmt@devhub.com,Male,Portugal,1992-01-18
Syd,Martineau,smartineaumu@theglobeandmail.com,Male,Yemen,1969-10-13
Hussein,Jochanany,hjochananymv@rediff.com,Male,China,1991-07-31
Clemens,Cotton,ccottonmw@freewebs.com,Male,Bangladesh,1981-09-20
Randell,Starling,rstarlingmx@google.com.hk,Male,Pakistan,1993-03-27
Derek,Dunridge,ddunridgemy@slate.com,Male,China,1969-05-30
Donall,Trewhela,dtrewhelamz@so-net.ne.jp,Male,Mongolia,1995-10-27
Olimpia,Wrightim,owrightimn0@technorati.com,Female,Pakistan,1965-04-19
Auberta,Pelcheur,apelcheurn1@adobe.com,Female,Nepal,2003-06-29
Dom,Petruskevich,dpetruskevichn2@edublogs.org,Male,Indonesia,1971-06-12
Johan,Tax,jtaxn3@nature.com,Male,Paraguay,1976-03-28
Barnard,Haylands,bhaylandsn4@upenn.edu,Male,United States,1956-02-29
Cyndi,Lillico,clillicon5@auda.org.au,Female,Croatia,1982-12-27
Ermengarde,Blanden,eblandenn6@springer.com,Female,China,1990-08-20
Sheelah,Ambrosio,sambrosion7@businessinsider.com,Female,China,1982-03-21
Florencia,Regglar,fregglarn8@mlb.com,Female,China,2008-04-29
Denice,McClements,dmcclementsn9@tiny.cc,Female,Russia,1957-06-26
Hilly,Fittall,hfittallna@webeden.co.uk,Male,France,1973-02-11
Angelina,MacLachlan,amaclachlannb@ehow.com,Female,Democratic Republic of the Congo,1996-04-10
Mommy,Medcraft,mmedcraftnc@mozilla.org,Female,Canada,1994-07-11
Augy,Davenell,adavenellnd@scribd.com,Male,Indonesia,1990-02-08
Natalina,Bantham,nbanthamne@bravesites.com,Female,China,1993-05-06
Blancha,Loudwell,bloudwellnf@phpbb.com,Female,Indonesia,1960-04-11
Hesther,Redferne,hredferneng@businessinsider.com,Female,Peru,1980-10-14
Ben,Craydon,bcraydonnh@abc.net.au,Male,Portugal,2010-05-23
Sondra,Althrope,salthropeni@usa.gov,Female,Indonesia,2016-08-11
Nichol,Brattell,nbrattellnj@jigsy.com,Female,Brazil,1950-12-04
Rodolfo,Matejovsky,rmatejovskynk@lycos.com,Male,Ukraine,1977-11-09
Tallie,Moscon,tmosconnl@home.pl,Male,China,2015-07-11
Isak,Toovey,itooveynm@mayoclinic.com,Male,Czech Republic,1967-01-11
Leonid,Ondrich,londrichnn@wsj.com,Male,Spain,1951-02-22
Kelcy,Goning,kgoningno@mail.ru,Female,China,1956-08-18
Dorris,Wogden,dwogdennp@usnews.com,Female,Vietnam,1967-02-24
Alisa,Ottewell,aottewellnq@linkedin.com,Female,Russia,1995-05-10
Bertie,Rodden,broddennr@usnews.com,Male,Philippines,1988-02-11
Kimberley,Beatson,kbeatsonns@dell.com,Female,Mexico,1965-06-07
Roosevelt,Seiler,rseilernt@army.mil,Male,Brazil,1960-01-04
Carolyne,Learned,clearnednu@fda.gov,Female,Zambia,2015-11-09
Ada,Donaher,adonahernv@ca.gov,Female,Philippines,1961-04-17
Bartholemy,Allenson,ballensonnw@ameblo.jp,Male,Mexico,1979-09-17
Lockwood,Weller,lwellernx@studiopress.com,Male,Portugal,1957-04-02
Constancy,Clemence,cclemenceny@accuweather.com,Female,Indonesia,2013-09-27
Ricki,Reiglar,rreiglarnz@angelfire.com,Male,Syria,2010-06-27
Lesley,Gerriets,lgerrietso0@rambler.ru,Male,Haiti,2006-10-13
Marjy,Spollen,mspolleno1@oakley.com,Female,Greece,1993-11-04
Antony,Mandal,amandalo2@dedecms.com,Male,Brazil,2015-01-24
Henriette,Quare,hquareo3@chron.com,Female,Argentina,2009-08-21
Daisi,Orsman,dorsmano4@senate.gov,Female,Netherlands,1974-05-17
Danni,Handscombe,dhandscombeo5@a8.net,Female,Vietnam,2013-05-04
Martie,Varns,mvarnso6@independent.co.uk,Male,China,2009-12-18
Kristoffer,Chessill,kchessillo7@amazon.de,Male,Dominican Republic,1969-10-10
Lonni,Lainton,llaintono8@nationalgeographic.com,Female,Poland,1980-11-09
Donalt,Noseworthy,dnoseworthyo9@de.vu,Male,United States,1967-12-20
Marvin,Ghidotti,mghidottioa@census.gov,Male,Azerbaijan,1952-02-14
Katharine,Hurl,khurlob@google.co.uk,Female,Mexico,1975-09-28
Giavani,Scamp,gscampoc@businessinsider.com,Male,Portugal,1954-12-05
Stefania,Searchwell,ssearchwellod@sourceforge.net,Female,Sweden,1973-05-13
Julian,Stent,jstentoe@yandex.ru,Male,Peru,1954-11-28
Vevay,Tinto,vtintoof@clickbank.net,Female,Portugal,1996-07-08
Edie,Cowdry,ecowdryog@mit.edu,Female,Mauritania,2016-10-30
Niall,Petruskevich,npetruskevichoh@noaa.gov,Male,France,2003-08-23
Darrelle,Greasty,dgreastyoi@istockphoto.com,Female,Greece,2002-01-20
Blayne,Laverock,blaverockoj@fda.gov,Male,China,2008-10-12
Frank,Lush,flushok@slashdot.org,Male,Japan,1987-03-12
Morgan,Chese,mcheseol@hubpages.com,Male,Indonesia,1983-09-11
Harmonia,Larkin,hlarkinom@baidu.com,Female,Albania,1981-09-03
Kasey,Scogin,kscoginon@sohu.com,Female,Indonesia,2005-01-24
Alejandro,Tome,atomeoo@prnewswire.com,Male,Indonesia,1966-05-22
Cornall,Hunsworth,chunsworthop@stanford.edu,Male,Czech Republic,1997-12-31
Gretel,Ede,gedeoq@hubpages.com,Female,Ukraine,2001-05-09
Evanne,Djokovic,edjokovicor@sourceforge.net,Female,Peru,2018-12-29
Alleyn,Eicke,aeickeos@mayoclinic.com,Male,Kenya,1972-11-21
Rozanna,Perez,rperezot@ftc.gov,Female,Cuba,1989-11-21
Gregoor,Kun,gkunou@who.int,Male,Brazil,2018-07-14
Frieda,Cordes,fcordesov@thetimes.co.uk,Female,Philippines,1990-02-15
Carlie,Ayers,cayersow@discuz.net,Female,Russia,1990-10-23
Pepita,Catonnet,pcatonnetox@netvibes.com,Female,Canada,1958-11-27
Georgeanne,Howbrook,ghowbrookoy@sciencedirect.com,Female,Philippines,1972-08-07
Barrett,MacMoyer,bmacmoyeroz@woothemes.com,Male,Somalia,1954-04-27
Winthrop,Reckhouse,wreckhousep0@newyorker.com,Male,China,1970-07-27
Erskine,Yegorchenkov,eyegorchenkovp1@stanford.edu,Male,China,1984-04-30
Bethanne,Higgoe,bhiggoep2@time.com,Female,Libya,1989-09-02
Johnny,Edgeworth,jedgeworthp3@twitter.com,Male,Turkey,1967-07-26
Tessi,Colledge,tcolledgep4@instagram.com,Female,Sweden,2014-10-07
Dino,Frise,dfrisep5@printfriendly.com,Male,China,1951-01-20
Sarajane,Lamps,slampsp6@intel.com,Female,Portugal,1951-03-20
Jacobo,Twining,jtwiningp7@java.com,Male,Colombia,1950-03-11
Sigismund,Parres,sparresp8@timesonline.co.uk,Male,United States,1969-12-12
Robin,Sture,rsturep9@mit.edu,Female,China,1978-07-17
Maurine,Bosdet,mbosdetpa@gov.uk,Female,Indonesia,1959-06-18
Ervin,Ligertwood,eligertwoodpb@ucoz.ru,Male,Indonesia,1990-08-12
Blondy,Gouldeby,bgouldebypc@dailymail.co.uk,Female,Democratic Republic of the Congo,2014-12-07
Craggy,Clissett,cclissettpd@yahoo.com,Male,China,1950-03-05
Gearard,Kemish,gkemishpe@noaa.gov,Male,China,1980-12-19
Mireielle,Oleszczak,moleszczakpf@sun.com,Female,China,1985-02-27
Cally,Rockwell,crockwellpg@ifeng.com,Female,Azerbaijan,2017-11-06
Seumas,Aymeric,saymericph@networksolutions.com,Male,Sweden,1970-08-29
Nadine,Cowpertwait,ncowpertwaitpi@wunderground.com,Female,Comoros,1954-12-15
Merl,Wyke,mwykepj@creativecommons.org,Female,Ivory Coast,1967-06-29
Hyacinthie,Sprowle,hsprowlepk@constantcontact.com,Female,Philippines,1989-08-26
Sayres,Darthe,sdarthepl@columbia.edu,Male,Barbados,1995-10-27
Lindsey,Pyne,lpynepm@digg.com,Female,Indonesia,1963-07-04
Benjamen,Vannoni,bvannonipn@deliciousdays.com,Male,France,1958-07-03
Fredi,Fetherston,ffetherstonpo@forbes.com,Female,Sweden,2012-10-19
Pegeen,Everingham,peveringhampp@i2i.jp,Female,Mongolia,2020-02-04
Else,Panton,epantonpq@free.fr,Female,Poland,1950-02-22
Rosy,Sommerville,rsommervillepr@deliciousdays.com,Female,Indonesia,1991-07-16
Randee,McGovern,rmcgovernps@prlog.org,Female,Philippines,1959-03-20
Ibrahim,Tugwell,itugwellpt@nbcnews.com,Male,Sweden,2020-06-01
Daune,Maciaszek,dmaciaszekpu@printfriendly.com,Female,Cuba,1985-10-30
Zacharias,Matschek,zmatschekpv@nbcnews.com,Male,Japan,2017-05-15
Julianna,Trayton,jtraytonpw@nps.gov,Female,Ghana,1976-11-12
Sayre,Smouten,ssmoutenpx@shareasale.com,Male,Brazil,2000-08-03
Kit,McLewd,kmclewdpy@chronoengine.com,Female,Russia,1953-05-17
Nicolette,Lackey,nlackeypz@bloglines.com,Female,Philippines,1969-10-17
Tobye,Rising,trisingq0@howstuffworks.com,Female,Indonesia,1974-07-27
Vite,Brunning,vbrunningq1@youtube.com,Male,Canada,1950-01-04
Prudi,Sired,psiredq2@wikispaces.com,Female,Philippines,2008-10-14
Brigham,Dudney,bdudneyq3@de.vu,Male,China,2002-01-20
Fara,Bredgeland,fbredgelandq4@npr.org,Female,China,1999-12-23
Skipton,Wixon,swixonq5@simplemachines.org,Male,Guatemala,1955-02-04
Teodoor,Plackstone,tplackstoneq6@columbia.edu,Male,China,1989-11-01
Sindee,Derges,sdergesq7@weather.com,Female,United States,1986-04-09
Thomasine,Sneaker,tsneakerq8@archive.org,Female,Russia,2007-11-26
Jeffry,Corkell,jcorkellq9@google.co.uk,Male,United States,1960-12-14
Waverley,Gasgarth,wgasgarthqa@simplemachines.org,Male,Indonesia,1960-03-02
Maura,Cullum,mcullumqb@cdc.gov,Female,Indonesia,1966-08-07
Talyah,Koba,tkobaqc@networksolutions.com,Female,Palestinian Territory,1979-12-25
Roseline,Chevolleau,rchevolleauqd@cnet.com,Female,Liberia,1966-05-10
Cathie,Snoday,csnodayqe@ucla.edu,Female,Japan,1959-05-18
Jerrilee,Dmych,jdmychqf@blogtalkradio.com,Female,Portugal,1964-04-15
Vivian,Asplin,vasplinqg@uol.com.br,Female,Indonesia,2012-11-21
Cosimo,Leipoldt,cleipoldtqh@earthlink.net,Male,Greece,1964-06-20
Conroy,Gallatly,cgallatlyqi@pinterest.com,Male,China,2012-11-29
Tobe,Coll,tcollqj@usatoday.com,Male,China,2020-04-01
Dael,Heisler,dheislerqk@rakuten.co.jp,Male,Peru,2000-01-29
Weber,Major,wmajorql@wordpress.org,Male,Philippines,2010-12-15
Gordan,Charlesworth,gcharlesworthqm@wunderground.com,Male,Indonesia,2002-06-01
Melly,Ferminger,mfermingerqn@constantcontact.com,Female,China,1969-07-28
Quinton,Cissen,qcissenqo@pagesperso-orange.fr,Male,Portugal,1970-06-11
Creighton,Reap,creapqp@rakuten.co.jp,Male,Portugal,1973-07-30
Edmund,Reucastle,ereucastleqq@cbsnews.com,Male,Russia,2014-12-05
Kev,Swateridge,kswateridgeqr@hexun.com,Male,Sweden,2018-10-30
Sianna,Mirando,smirandoqs@senate.gov,Female,Estonia,2002-01-09
Aristotle,Brekonridge,abrekonridgeqt@youtu.be,Male,China,1968-01-14
Hewett,MacPadene,hmacpadenequ@fastcompany.com,Male,Indonesia,1965-10-05
Klara,Routledge,kroutledgeqv@wikimedia.org,Female,Bolivia,1958-03-13
Egor,Sahnow,esahnowqw@biglobe.ne.jp,Male,Indonesia,2016-02-18
Haily,Bigly,hbiglyqx@soundcloud.com,Male,China,1986-10-25
Lucita,Gensavage,lgensavageqy@netscape.com,Female,Thailand,1961-09-28
Donaugh,Meader,dmeaderqz@army.mil,Male,Argentina,1998-08-09
Laurence,Isworth,lisworthr0@homestead.com,Male,Japan,1966-03-25
Cleveland,Sinfield,csinfieldr1@yahoo.co.jp,Male,Portugal,1989-01-01
Con,Beranek,cberanekr2@g.co,Female,China,2020-07-31
Hunt,Brinson,hbrinsonr3@smh.com.au,Male,Philippines,2016-01-20
Bondon,Draycott,bdraycottr4@fc2.com,Male,China,1963-01-23
Stephan,Grigg,sgriggr5@nyu.edu,Male,Russia,1963-06-25
Curtis,Rainsdon,crainsdonr6@networkadvertising.org,Male,China,1995-01-16
Isidora,Gilman,igilmanr7@pinterest.com,Female,Russia,1989-07-15
Zachary,Tower,ztowerr8@miitbeian.gov.cn,Male,Pakistan,2011-05-07
Nancy,Matz,nmatzr9@google.ca,Female,Russia,1950-01-29
Elysee,Kanwell,ekanwellra@plala.or.jp,Female,Indonesia,1972-06-06
Wanda,Scourfield,wscourfieldrb@prlog.org,Female,China,1989-11-12
Ariana,Cutriss,acutrissrc@hp.com,Female,Malta,1970-06-23
Goldi,Proctor,gproctorrd@taobao.com,Female,Brazil,2020-05-02
Rubina,Hawley,rhawleyre@elpais.com,Female,French Polynesia,2015-10-21
Moore,Biddlestone,mbiddlestonerf@sina.com.cn,Male,Cameroon,2016-01-27
Ranee,Castiblanco,rcastiblancorg@theguardian.com,Female,Thailand,2004-03-31
Kaila,Baughan,kbaughanrh@moonfruit.com,Female,Philippines,1996-09-27
Cody,Hammelberg,chammelbergri@seesaa.net,Male,Uganda,1994-09-05
Eustacia,Sadgrove,esadgroverj@oaic.gov.au,Female,Croatia,1989-03-18
Benjamen,Woollons,bwoollonsrk@google.ca,Male,Greece,1987-10-27
Flore,Hawney,fhawneyrl@washington.edu,Female,Haiti,1982-03-18
Jade,Kleinberer,jkleinbererrm@ebay.co.uk,Female,Peru,1987-09-21
Kerby,Applebee,kapplebeern@google.ca,Male,Belarus,2017-04-29
Aurilia,Pidduck,apidduckro@miibeian.gov.cn,Female,Portugal,1996-11-18
Bartholomew,Philpott,bphilpottrp@ft.com,Male,France,2009-11-15
Alex,Tabary,atabaryrq@com.com,Female,Germany,1990-03-25
Ulrikaumeko,Simcock,usimcockrr@jiathis.com,Female,Portugal,2015-10-07
